Category,Word
Domestic animals,alpaca
Domestic animals,billy goat
Domestic animals,bull
Domestic animals,canary
Domestic animals,cat
Domestic animals,chick
Domestic animals,chicken
Domestic animals,rooster
Domestic animals,cow
Domestic animals,deer
Domestic animals,dog
Domestic animals,donkey
Domestic animals,duck
Domestic animals,ferret
Domestic animals,fish
Domestic animals,foal
Domestic animals,goat
Domestic animals,goldfish
Domestic animals,goose
Domestic animals,guinepig
Domestic animals,hamster
Domestic animals,hen
Domestic animals,horse
Domestic animals,lama
Domestic animals,lamb
Domestic animals,lizard
Domestic animals,mare
Domestic animals,mouse
Domestic animals,mule
Domestic animals,parakeet
Domestic animals,parrot
Domestic animals,peacock
Domestic animals,pig
Domestic animals,piglet
Domestic animals,pony
Domestic animals,rabbit
Domestic animals,ram
Domestic animals,sheep
Domestic animals,sow
Domestic animals,stallion
Domestic animals,swan
Domestic animals,swine
Domestic animals,turkey
Domestic animals,turtle
Domestic animals,ewe
Domestic animals,ox
Domestic animals,geese
Zoo animals,alligator
Zoo animals,baboon
Zoo animals,badger
Zoo animals,bat
Zoo animals,bear
Zoo animals,beaver
Zoo animals,bison
Zoo animals,boar
Zoo animals,bobcat
Zoo animals,buffalo
Zoo animals,camel
Zoo animals,cassowary
Zoo animals,cheetah
Zoo animals,chimpanzee
Zoo animals,coyote
Zoo animals,crocodile
Zoo animals,deer
Zoo animals,dromedary
Zoo animals,fox
Zoo animals,giraffe
Zoo animals,wildebeest
Zoo animals,gorilla
Zoo animals,hedgehog
Zoo animals,hippopotamus
Zoo animals,hyena
Zoo animals,jackal
Zoo animals,jaguar
Zoo animals,kangaroo
Zoo animals,koala
Zoo animals,leopard
Zoo animals,lion
Zoo animals,lizard
Zoo animals,marmot
Zoo animals,mongoose
Zoo animals,monkey
Zoo animals,panda
Zoo animals,panther
Zoo animals,parrot
Zoo animals,penguin
Zoo animals,pink flamingo
Zoo animals,polar bear
Zoo animals,porcupine
Zoo animals,possum
Zoo animals,racoon
Zoo animals,reindeer
Zoo animals,rhinoceros
Zoo animals,roebuck
Zoo animals,salamander
Zoo animals,sea lion
Zoo animals,seahorse
Zoo animals,seal
Zoo animals,snake
Zoo animals,squirrel
Zoo animals,tiger
Zoo animals,viper
Zoo animals,vulture
Zoo animals,walrus
Zoo animals,warthog
Zoo animals,wolf
Zoo animals,zebra
Zoo animals,antelope
Zoo animals,armadillo
Zoo animals,elephant
Zoo animals,moose
Zoo animals,emu
Zoo animals,iguana
Zoo animals,ostrich
Zoo animals,otter
Zoo animals,owl
Insects,ant
Insects,bee
Insects,bee hive
Insects,beetle
Insects,bug
Insects,bumble-bee
Insects,butterfly
Insects,caterpillar
Insects,cicada
Insects,clothes moth
Insects,cockchafer
Insects,cockroach
Insects,cocoon
Insects,cricket
Insects,dragonfly
Insects,firefly
Insects,flea
Insects,fly
Insects,gnat
Insects,grasshopper
Insects,hornet
Insects,horsefly
Insects,ladybird
Insects,maggot
Insects,millipede
Insects,mosquito
Insects,moth
Insects,praying mantis
Insects,scorpion
Insects,slug
Insects,snail
Insects,spider
Insects,spider web
Insects,stick insect
Insects,termite
Insects,tick
Insects,wasp
Insects,earwig
Insects,honeycomb
Insects,lice
Aquatic animals,eel
Aquatic animals,bluefin tuna
Aquatic animals,bonito
Aquatic animals,bull shark
Aquatic animals,catfish
Aquatic animals,clam
Aquatic animals,clownfish
Aquatic animals,cod
Aquatic animals,crab
Aquatic animals,crawfish
Aquatic animals,cuttlefish
Aquatic animals,dolphin
Aquatic animals,flying fish
Aquatic animals,great white shark
Aquatic animals,grouper
Aquatic animals,hammerhead shark
Aquatic animals,herring
Aquatic animals,humpback whale
Aquatic animals,jellyfish
Aquatic animals,lobster
Aquatic animals,mackerel
Aquatic animals,manatee
Aquatic animals,dugong
Aquatic animals,manta ray
Aquatic animals,moray eel
Aquatic animals,mussel
Aquatic animals,narwhal
Aquatic animals,puffer fish
Aquatic animals,salmon
Aquatic animals,saltwater crocodile
Aquatic animals,scallop
Aquatic animals,sea anemone
Aquatic animals,sea cucumber
Aquatic animals,sea lion
Aquatic animals,sea shell
Aquatic animals,sea turtle
Aquatic animals,seabass
Aquatic animals,seahorse
Aquatic animals,seal
Aquatic animals,shark
Aquatic animals,shrimp/  prawn
Aquatic animals,sperm whale
Aquatic animals,sponge
Aquatic animals,squid
Aquatic animals,starfish
Aquatic animals,stingray
Aquatic animals,sunfish
Aquatic animals,swordfish
Aquatic animals,tiger shark
Aquatic animals,trout
Aquatic animals,tuna
Aquatic animals,walrus
Aquatic animals,whale
Aquatic animals,whaleshark
Aquatic animals,anchovy
Aquatic animals,octopus
Aquatic animals,orca
Aquatic animals,oyster
Aquatic animals,urchin
Aquatic animals,coral
Aquatic animals,coral reef
Aquatic animals,kelp
Aquatic animals,plankton
Aquatic animals,seaweed
Nature,beach
Nature,branch
Nature,bush
Nature,canyon
Nature,cave
Nature,cliff
Nature,cloud
Nature,grass
Nature,desert
Nature,downpour
Nature,drought
Nature,fern
Nature,field
Nature,fir tree
Nature,flood
Nature,forest
Nature,geyser
Nature,glacier
Nature,grove
Nature,hill
Nature,hot spring
Nature,hurricane
Nature,lake
Nature,leaf
Nature,lightning
Nature,maple
Nature,moutain
Nature,mushroom
Nature,pine cone
Nature,pine tree
Nature,pond
Nature,quicksand
Nature,rainbow
Nature,raindrop
Nature,redwood
Nature,river
Nature,rock
Nature,root
Nature,snowflake
Nature,stone
Nature,storm
Nature,stream
Nature,stump
Nature,sunrise
Nature,sunset
Nature,swamp
Nature,tornado
Nature,tree
Nature,trunk
Nature,twig
Nature,valley
Nature,volcano
Nature,waterfall
Nature,wave
Nature,wood
Nature,acorn
Nature,earthquake
Nature,estuary
Nature,earth
Nature,flora and fauna
Nature,polar
Nature,bark
Nature,canopy
Nature,coast
Nature,ecosystem
Nature,flowers
Nature,fog
Nature,mist
Nature,haze
Nature,foliage
Nature,food chain
Nature,grass
Nature,ground
Nature,hail
Nature,heat
Nature,jungle
Nature,land
Nature,monsoon
Nature,moon
Nature,mud
Nature,rain
Nature,sand
Nature,sap
Nature,savannah
Nature,sea
Nature,shore
Nature,sky
Nature,snow
Nature,soil
Nature,dirt
Nature,stars
Nature,sun
Nature,weather
Nature,wind
Feelings and Emotions,downcast 
Feelings and Emotions,dispirited
Feelings and Emotions,fright
Feelings and Emotions,joke
Feelings and Emotions,pessimist
Feelings and Emotions,optimist
Feelings and Emotions,anger
Feelings and Emotions,astonished
Feelings and Emotions,beaming
Feelings and Emotions,dejected
Feelings and Emotions,depressed
Feelings and Emotions,delighted
Feelings and Emotions,dismayed
Feelings and Emotions,dumbfounded
Feelings and Emotions,excited
Feelings and Emotions,exciting
Feelings and Emotions,fear
Feelings and Emotions,?abbergasted
Feelings and Emotions,formidable
Feelings and Emotions,frightening
Feelings and Emotions,scarry
Feelings and Emotions,fearful
Feelings and Emotions,glee
Feelings and Emotions,gloomy
Feelings and Emotions,happiness
Feelings and Emotions,joy
Feelings and Emotions,pleased with
Feelings and Emotions,pleasure
Feelings and Emotions,sadness
Feelings and Emotions,satisfaction
Feelings and Emotions,sorrow
Feelings and Emotions,sulky
Feelings and Emotions,sullen
Feelings and Emotions,surprised
Feelings and Emotions,surprising
Feelings and Emotions,terrifying
Feelings and Emotions,terror
Feelings and Emotions,cheerful
Feelings and Emotions,cheerfulness
Feelings and Emotions,brightness
Clothes,beanie
Clothes,belt
Clothes,beret
Clothes,bikini
Clothes,blazer
Clothes,blouse
Clothes,bra
Clothes,brooch
Clothes,button
Clothes,cap
Clothes,cardigan
Clothes,vest
Clothes,chain
Clothes,coat
Clothes,dinner jacket
Clothes,dress
Clothes,handkerchief
Clothes,hat
Clothes,hook
Clothes,jacket
Clothes,jersey
Clothes,jogging suit
Clothes,necklace
Clothes,needle
Clothes,nightdress
Clothes,pullover
Clothes,sweater
Clothes,jumper
Clothes,raincoat
Clothes,scarf
Clothes,shawl
Clothes,shirt
Clothes,ski jacket
Clothes,skirt
Clothes,sleeve
Clothes,suit
Clothes,suspended belt
Clothes,sweatshirt
Clothes,t-shirt
Clothes,tie
Clothes,top
Clothes,tuxedo
Clothes,diner jacket
Clothes,uniform
Clothes,watch
Clothes,wedding ring
Clothes,zip
Clothes,apron
Clothes,blouse
Clothes,boots
Clothes,bow tie
Clothes,bowler hat
Clothes,boxer shorts
Clothes,braces
Clothes,briefs
Clothes,casual dress
Clothes,clothing
Clothes,cufflinks
Clothes,cultured pearls
Clothes,discreet
Clothes,dressing-gown
Clothes,bath robe
Clothes,earrings
Clothes,faded jeans
Clothes,formal dress
Clothes,gaudy
Clothes,genuine
Clothes,gloves
Clothes,jeans
Clothes,jewellery
Clothes,knickers
Clothes,leather jacket
Clothes,light
Clothes,loose
Clothes,miniskirt
Clothes,nightgown
Clothes,nightdress
Clothes,overalls 
Clothes,boiler-suit
Clothes,overcoat
Clothes,pajamas
Clothes,panties
Clothes,pants
Clothes,trousers
Clothes,pantyhose
Clothes,tights
Clothes,pastel
Clothes,plain
Clothes,pleated skirt
Clothes,pyjamas
Clothes,shorts
Clothes,slippers
Clothes,sober
Clothes,socks
Clothes,stockings
Clothes,straight skirt
Clothes,suitable
Clothes,swimming cap
Clothes,swimming trunks
Clothes,bathing suit
Clothes,tights
Clothes,tracksuit
Clothes,undershirt
Clothes,underwear
Human body,mouth
Human body,cheek
Human body,knob
Human body,lash
Human body,lip
Human body,lobe of ear
Human body,nostril
Human body,tooth
Human body,an ear
Human body,an eye
Human body,an eyebrow
Human body,an eyelid
Human body,an ocular sphere
Human body,eyebrows
Human body,gum
Human body,nose
Human body,teeth
Human body,temples
Human body,Adam’s apple
Human body,chin
Human body,cornea
Human body,face
Human body,hair
Human body,head
Human body,iris
Human body,jaw
Human body,nape
Human body,neck
Human body,pupil
Human body,retina
Human body,throat
Human body,wrinkles
Human body,armpit
Human body,biceps
Human body,fist
Human body,hand
Human body,nail
Human body,triceps
Human body,an arm
Human body,elbow
Human body,front armlever
Human body,index finger
Human body,palm
Human body,shoulder
Human body,wrist
Human body,fingers
Human body,phalanges
Human body,belly
Human body,nipples
Human body,back
Human body,chest
Human body,navel
Human body,rib cage
Human body,scapula
Human body,spinal column
Human body,thorax
Human body,ankle
Human body,foot
Human body,knee
Human body,leg
Human body,toe
Human body,buttocks
Human body,big toe
Human body,calf
Human body,heel
Human body,hip
Human body,thigh
Human body,aorta
Human body,blood-vessel
Human body,body
Human body,ligament
Human body,tendon
Human body,vein
Human body,amygdalae
Human body,an artery
Human body,bronchi
Human body,genitals
Human body,intestines
Human body,kidneys
Human body,large intestine
Human body,lungs
Human body,small intestine
Human body,Achilles’ tendon
Human body,appendix
Human body,bladder
Human body,brain
Human body,cartilage
Human body,colonist
Human body,diaphragm
Human body,failure
Human body,gall bladder
Human body,heart
Human body,jugular vein
Human body,larynx
Human body,liver
Human body,oesophagus
Human body,pancreas
Human body,penis
Human body,prostate
Human body,pulmonary vein
Human body,rectum
Human body,sternum
Human body,stomach
Human body,thyroid one
Human body,trachea
Human body,urethra
Human body,uterus
Human body,vagina
Astrological Sign,Aquarius
Astrological Sign,Balance
Astrological Sign,Bull
Astrological Sign,Cancer
Astrological Sign,Capricorn
Astrological Sign,Fish
Astrological Sign,Gemini
Astrological Sign,Lion
Astrological Sign,Ram
Astrological Sign,Sagittarius
Astrological Sign,Scorpion
Astrological Sign,Virgin
Chinese Zodiac,Cock
Chinese Zodiac,Dog
Chinese Zodiac,Dragon
Chinese Zodiac,Goat
Chinese Zodiac,Horse
Chinese Zodiac,Monkey
Chinese Zodiac,Ox
Chinese Zodiac,Pig
Chinese Zodiac,Rabbit
Chinese Zodiac,Rat
Chinese Zodiac,Snake
Chinese Zodiac,Tiger
Fruits And Vegetables,apricot
Fruits And Vegetables,banana
Fruits And Vegetables,blueberry
Fruits And Vegetables,clementine
Fruits And Vegetables,coconut
Fruits And Vegetables,cranberry
Fruits And Vegetables,date
Fruits And Vegetables,grapefruit
Fruits And Vegetables,guava
Fruits And Vegetables,jackfruit
Fruits And Vegetables,kaki
Fruits And Vegetables,kiwifruit
Fruits And Vegetables,kumquat
Fruits And Vegetables,lemon
Fruits And Vegetables,lime
Fruits And Vegetables,lychee
Fruits And Vegetables,mango
Fruits And Vegetables,mangosteen
Fruits And Vegetables,melon
Fruits And Vegetables,papaya
Fruits And Vegetables,passion fruit
Fruits And Vegetables,peach
Fruits And Vegetables,pear
Fruits And Vegetables,pineapple
Fruits And Vegetables,plum
Fruits And Vegetables,pomegranate
Fruits And Vegetables,raspberry
Fruits And Vegetables,strawberry
Fruits And Vegetables,tangerine
Fruits And Vegetables,watermelon
Fruits And Vegetables,an apple
Fruits And Vegetables,an avocado
Fruits And Vegetables,an orange
Fruits And Vegetables,blackberry
Fruits And Vegetables,blackcurrant
Fruits And Vegetables,cherry
Fruits And Vegetables,grape
Fruits And Vegetables,raisin
Fruits And Vegetables,redcurrent
Fruits And Vegetables,tomato
Fruits And Vegetables,goji berries
Qualities (Good/Bad),dexterous
Qualities (Good/Bad),address
Qualities (Good/Bad),adventurous
Qualities (Good/Bad),aggressive
Qualities (Good/Bad),agitated
Qualities (Good/Bad),ambition
Qualities (Good/Bad),ambitious
Qualities (Good/Bad),amiable
Qualities (Good/Bad),annoying
Qualities (Good/Bad),applied
Qualities (Good/Bad),apt
Qualities (Good/Bad),arrogance
Qualities (Good/Bad),arrogant
Qualities (Good/Bad),assiduous
Qualities (Good/Bad),attentive
Qualities (Good/Bad),attractive
Qualities (Good/Bad),authoritarian
Qualities (Good/Bad),authority
Qualities (Good/Bad),autonomous
Qualities (Good/Bad),awkwardness
Qualities (Good/Bad),bad
Qualities (Good/Bad),benevolent
Qualities (Good/Bad),boastful
Qualities (Good/Bad),brave
Qualities (Good/Bad),brutal
Qualities (Good/Bad),brutality
Qualities (Good/Bad),calm
Qualities (Good/Bad),care
Qualities (Good/Bad),carefree
Qualities (Good/Bad),careful
Qualities (Good/Bad),careful
Qualities (Good/Bad),charitable
Qualities (Good/Bad),charmer
Qualities (Good/Bad),cheater
Qualities (Good/Bad),clever
Qualities (Good/Bad),clumsy
Qualities (Good/Bad),common sense
Qualities (Good/Bad),compassion
Qualities (Good/Bad),competent
Qualities (Good/Bad),compulsive
Qualities (Good/Bad),concentrated
Qualities (Good/Bad),confident
Qualities (Good/Bad),confident
Qualities (Good/Bad),conscientious
Qualities (Good/Bad),contempt
Qualities (Good/Bad),contemptuous
Qualities (Good/Bad),courage
Qualities (Good/Bad),courageous
Qualities (Good/Bad),cowardice
Qualities (Good/Bad),creative
Qualities (Good/Bad),critical
Qualities (Good/Bad),cruel
Qualities (Good/Bad),cruelty
Qualities (Good/Bad),curiosity
Qualities (Good/Bad),curious
Qualities (Good/Bad),delicate
Qualities (Good/Bad),despise
Qualities (Good/Bad),determined
Qualities (Good/Bad),Diplomat
Qualities (Good/Bad),disciplined
Qualities (Good/Bad),discreet
Qualities (Good/Bad),dishonest
Qualities (Good/Bad),disobedient
Qualities (Good/Bad),dizzy
Qualities (Good/Bad),dreamer
Qualities (Good/Bad),dumb
Qualities (Good/Bad),effective
Qualities (Good/Bad),effectiveness
Qualities (Good/Bad),egocentric
Qualities (Good/Bad),elegant
Qualities (Good/Bad),emotional
Qualities (Good/Bad),energetic
Qualities (Good/Bad),energy
Qualities (Good/Bad),enigmatic
Qualities (Good/Bad),enterprising
Qualities (Good/Bad),enthusiastic
Qualities (Good/Bad),envious
Qualities (Good/Bad),envy
Qualities (Good/Bad),evil
Qualities (Good/Bad),excessive
Qualities (Good/Bad),experience
Qualities (Good/Bad),experimented
Qualities (Good/Bad),extrovert
Qualities (Good/Bad),faithful
Qualities (Good/Bad),faults
Qualities (Good/Bad),fearful
Qualities (Good/Bad),franc
Qualities (Good/Bad),friendly
Qualities (Good/Bad),funny
Qualities (Good/Bad),gallant
Qualities (Good/Bad),generosity
Qualities (Good/Bad),generous
Qualities (Good/Bad),gifted
Qualities (Good/Bad),good
Qualities (Good/Bad),goodness
Qualities (Good/Bad),greed
Qualities (Good/Bad),greedy
Qualities (Good/Bad),grouchy
Qualities (Good/Bad),hard
Qualities (Good/Bad),haughty
Qualities (Good/Bad),helpful
Qualities (Good/Bad),honest
Qualities (Good/Bad),honesty
Qualities (Good/Bad),human
Qualities (Good/Bad),humble
Qualities (Good/Bad),humility
Qualities (Good/Bad),hyperactive
Qualities (Good/Bad),hypochondriac
Qualities (Good/Bad),hypocrisy
Qualities (Good/Bad),hypocritical
Qualities (Good/Bad),idealistic
Qualities (Good/Bad),imagination
Qualities (Good/Bad),imaginative
Qualities (Good/Bad),impassive
Qualities (Good/Bad),impatient
Qualities (Good/Bad),impulsive
Qualities (Good/Bad),independent
Qualities (Good/Bad),indifferent
Qualities (Good/Bad),indulgent
Qualities (Good/Bad),ingenious
Qualities (Good/Bad),innocence
Qualities (Good/Bad),innocent
Qualities (Good/Bad),insensitive
Qualities (Good/Bad),insolent
Qualities (Good/Bad),intrepid
Qualities (Good/Bad),intuitive
Qualities (Good/Bad),inventive
Qualities (Good/Bad),irritable
Qualities (Good/Bad),jealous
Qualities (Good/Bad),jealousy
Qualities (Good/Bad),lazy
Qualities (Good/Bad),loose
Qualities (Good/Bad),loyal
Qualities (Good/Bad),manipulator
Qualities (Good/Bad),materialist
Qualities (Good/Bad),miser
Qualities (Good/Bad),mistrustful
Qualities (Good/Bad),modest
Qualities (Good/Bad),modesty
Qualities (Good/Bad),moody
Qualities (Good/Bad),negligent
Qualities (Good/Bad),nervous
Qualities (Good/Bad),nice
Qualities (Good/Bad),noisy
Qualities (Good/Bad),obstinate
Qualities (Good/Bad),on your mind
Qualities (Good/Bad),optimistic
Qualities (Good/Bad),ordered
Qualities (Good/Bad),original
Qualities (Good/Bad),passionate
Qualities (Good/Bad),patience
Qualities (Good/Bad),patient
Qualities (Good/Bad),patronizing
Qualities (Good/Bad),pernickety
Qualities (Good/Bad),persevering
Qualities (Good/Bad),persuasive
Qualities (Good/Bad),pessimistic
Qualities (Good/Bad),polished
Qualities (Good/Bad),politeness
Qualities (Good/Bad),positive
Qualities (Good/Bad),possessive
Qualities (Good/Bad),pragmatic
Qualities (Good/Bad),pretentious
Qualities (Good/Bad),pride
Qualities (Good/Bad),protective
Qualities (Good/Bad),proud
Qualities (Good/Bad),prudence
Qualities (Good/Bad),punctual
Qualities (Good/Bad),punctuality
Qualities (Good/Bad),rancorous
Qualities (Good/Bad),rascally
Qualities (Good/Bad),reasonable
Qualities (Good/Bad),recklessness
Qualities (Good/Bad),reliable
Qualities (Good/Bad),reserve
Qualities (Good/Bad),resourceful
Qualities (Good/Bad),responsible
Qualities (Good/Bad),rude
Qualities (Good/Bad),ruthless
Qualities (Good/Bad),self master
Qualities (Good/Bad),selfish
Qualities (Good/Bad),selfishness
Qualities (Good/Bad),sensitive
Qualities (Good/Bad),serious
Qualities (Good/Bad),shy
Qualities (Good/Bad),shyness
Qualities (Good/Bad),simpleton
Qualities (Good/Bad),sincere
Qualities (Good/Bad),sincerity
Qualities (Good/Bad),skeptical
Qualities (Good/Bad),slow
Qualities (Good/Bad),sly
Qualities (Good/Bad),smart
Qualities (Good/Bad),sociable
Qualities (Good/Bad),stubborn
Qualities (Good/Bad),stubbornly
Qualities (Good/Bad),stupid
Qualities (Good/Bad),superficial
Qualities (Good/Bad),susceptibility
Qualities (Good/Bad),taciturn
Qualities (Good/Bad),talented
Qualities (Good/Bad),talkative
Qualities (Good/Bad),tenacious
Qualities (Good/Bad),tenacity
Qualities (Good/Bad),tightfisted
Qualities (Good/Bad),to hate
Qualities (Good/Bad),tolerance
Qualities (Good/Bad),tolerant
Qualities (Good/Bad),trustworthy
Qualities (Good/Bad),turbulent
Qualities (Good/Bad),understanding
Qualities (Good/Bad),unpredictable
Qualities (Good/Bad),unripe
Qualities (Good/Bad),vain
Qualities (Good/Bad),vice
Qualities (Good/Bad),vicious
Qualities (Good/Bad),vindictive
Qualities (Good/Bad),warm
Qualities (Good/Bad),wickedness
Qualities (Good/Bad),wisdom
Qualities (Good/Bad),wise
Qualities (Good/Bad),worker
Hobbies,reading
Hobbies,hiking
Hobbies,art
Hobbies,biking
Hobbies,camera
Hobbies,camping
Hobbies,chess
Hobbies,choir
Hobbies,cleaning
Hobbies,collection
Hobbies,computing
Hobbies,cooking
Hobbies,create website
Hobbies,dancing
Hobbies,drawing
Hobbies,dressmaking
Hobbies,embroidery
Hobbies,fishing
Hobbies,fishing
Hobbies,gardening
Hobbies,hiking
Hobbies,horse riding
Hobbies,hunting
Hobbies,interesting
Hobbies,knitting
Hobbies,listening music
Hobbies,magazine
Hobbies,painting
Hobbies,pastime
Hobbies,playing board games
Hobbies,playing football
Hobbies,playing tennis
Hobbies,playing videogames
Hobbies,poetry
Hobbies,pottery
Hobbies,reading
Hobbies,reading
Hobbies,recipe
Hobbies,running
Hobbies,sailing
Hobbies,scrapbook
Hobbies,scuba diving
Hobbies,sculpture
Hobbies,sewing
Hobbies,stamp collecting
Hobbies,swimming
Hobbies,travel
Hobbies,trekking
Hobbies,voluntary work
Sports,archery
Sports,badminton
Sports,baseball
Sports,basketball
Sports,boxing
Sports,caving
Sports,spelunking
Sports,champion
Sports,competition
Sports,cricket
Sports,skiing
Sports,curling
Sports,cycling
Sports,dancing
Sports,diving
Sports,fencing
Sports,figure skating
Sports,football
Sports,soccer
Sports,goalkeeper
Sports,golf
Sports,gymnastics
Sports,handball
Sports,hockey
Sports,horseback riding
Sports,ice hockey
Sports,ice skating
Sports,indoor handball
Sports,jogging
Sports,judo
Sports,motocross
Sports,motor racing
Sports,mountain climbing
Sports,mountaineering
Sports,polo
Sports,rock climbing
Sports,roller-skating
Sports,rowing
Sports,rugby
Sports,running
Sports,sailing
Sports,shooting
Sports,ski jumping
Sports,skiing
Sports,snowboarding
Sports,stadium
Sports,surf
Sports,swimming
Sports,table tennis
Sports,tennis
Sports,volleyball
Sports,water polo
Sports,weight lifting
Sports,windsurfing
Sports,wrestling
Meat,bacon
Meat,beef
Meat,boiled ham
Meat,chicken
Meat,chicken breast
Meat,chop
Meat,cutlet
Meat,duck
Meat,goose
Meat,gravy
Meat,ham
Meat,kidneys
Meat,lamb
Meat,liver
Meat,meat
Meat,minced meat
Meat,ground meat
Meat,mutton
Meat,pork
Meat,rabbit
Meat,sausage
Meat,steak
Meat,stew
Meat,turkey
Meat,veal
Meat,venison
Fish and Seafood,cod
Fish and Seafood,crab
Fish and Seafood,fish
Fish and Seafood,fish fingers
Fish and Seafood,fish sticks
Fish and Seafood,haddock
Fish and Seafood,herring
Fish and Seafood,lobster
Fish and Seafood,mackerel
Fish and Seafood,mussels
Fish and Seafood,octopus
Fish and Seafood,oysters
Fish and Seafood,prawn
Fish and Seafood,shrim
Fish and Seafood,salmon
Fish and Seafood,sardine
Fish and Seafood,crawfish
Fish and Seafood,shellfish
Fish and Seafood,smoked fish
Fish and Seafood,smoked salmon
Fish and Seafood,squid
Fish and Seafood,trout
Fish and Seafood,tuna
Dairy products,butter
Dairy products,cheese
Dairy products,cream
Dairy products,milk
Dairy products,yogurt
Drinks ,alcohol
Drinks ,Coke
Drinks ,beer
Drinks ,apple juice
Drinks ,beer
Drinks ,blackcoffee
Drinks ,brandy
Drinks ,champagne
Drinks ,cider
Drinks ,cocktail
Drinks ,coffee
Drinks ,fruit juice
Drinks ,gin
Drinks ,grape juice
Drinks ,instant coffee
Drinks ,ground coffee
Drinks ,herbal tea
Drinks ,hot chocolate
Drinks ,ice cube
Drinks ,juice
Drinks ,lemonade
Drinks ,liqueur
Drinks ,milk
Drinks ,mineral water
Drinks ,plain water
Drinks ,orange juice
Drinks ,orange squash 
Drinks ,rum
Drinks ,sherry
Drinks ,soft drink
Drinks ,sparkling water
Drinks ,sparkling wine
Drinks ,table wine
Drinks ,tea
Drinks ,tonic water
Drinks ,vodka
Drinks ,whiskey
Desserts,apple pie
Desserts,cheesecake
Desserts,cookie
Desserts,cream
Desserts,custard
Desserts,donut
Desserts,fresh cream
Desserts,ice cream
Desserts,jelly
Desserts,pie
Desserts,pudding
Desserts,tart
Desserts,whipped cream
Seasonings / Ingredients,cooking oil
Seasonings / Ingredients,ketchup
Seasonings / Ingredients,basil
Seasonings / Ingredients,cinnamon
Seasonings / Ingredients,cloves
Seasonings / Ingredients,curry
Seasonings / Ingredients,garlic
Seasonings / Ingredients,herbs
Seasonings / Ingredients,mayonnaise
Seasonings / Ingredients,mint
Seasonings / Ingredients,mustard
Seasonings / Ingredients,nutmeg
Seasonings / Ingredients,olive oil
Seasonings / Ingredients,parsley
Seasonings / Ingredients,pepper
Seasonings / Ingredients,pickled onions
Seasonings / Ingredients,rosemary
Seasonings / Ingredients,salad dressing
Seasonings / Ingredients,salt
Seasonings / Ingredients,sauce
Seasonings / Ingredients,seasoning
Seasonings / Ingredients,spices
Seasonings / Ingredients,sunflower oil
Seasonings / Ingredients,vinegar
Jobs,accountant
Jobs,actor
Jobs,actress
Jobs,adviser
Jobs,stewardess
Jobs,flight atendant
Jobs,ambulance driver
Jobs,architect
Jobs,artist
Jobs,baker
Jobs,bartender
Jobs,beekeeper
Jobs,apiarist
Jobs,bookseller
Jobs,builder
Jobs,bricklayer
Jobs,bus driver
Jobs,butcher
Jobs,buyer
Jobs,cabinet maker
Jobs,cameraman
Jobs,caretaker
Jobs,concierge
Jobs,door-keeper
Jobs,carpenter
Jobs,joiner
Jobs,cashier
Jobs,caterer
Jobs,ceo
Jobs,chairperson
Jobs,cleaning lady
Jobs,chef
Jobs,civil servant
Jobs,cleaner
Jobs,company manager
Jobs,confectioner
Jobs,pastry cook
Jobs,contractor
Jobs,cook
Jobs,customs officer
Jobs,dancer
Jobs,delivery-man
Jobs,delivery driver
Jobs,dentist
Jobs,developer
Jobs,director
Jobs,doctor
Jobs,driver
Jobs,dry-cleaner
Jobs,garbageman
Jobs,electrician
Jobs,engineer
Jobs,estate agent
Jobs,farmer
Jobs,film editor
Jobs,fireman
Jobs,fisherman
Jobs,fishmonger
Jobs,flight attendant
Jobs,florist
Jobs,furniture mover
Jobs,gardener
Jobs,greengrocer
Jobs,hairdresser
Jobs,industrial designer
Jobs,jeweller
Jobs,job
Jobs,journalist
Jobs,judge
Jobs,kitchenhand
Jobs,lawyer
Jobs,librarian
Jobs,lifeguard
Jobs,locksmith
Jobs,lorry driver
Jobs,lumberjack
Jobs,male nurse
Jobs,manager
Jobs,mayor
Jobs,mechanic
Jobs,midwife
Jobs,miner
Jobs,musician
Jobs,notary
Jobs,nurse
Jobs,ophtalmologist
Jobs,optician
Jobs,paedetrician
Jobs,painter
Jobs,pharmacist
Jobs,photographer
Jobs,physiotherapist
Jobs,pilot
Jobs,plumber
Jobs,policeman
Jobs,politician
Jobs,postman
Jobs,producer
Jobs,psychiatrist
Jobs,publisher
Jobs,railway man
Jobs,railroad man
Jobs,receptionist
Jobs,repairman
Jobs,researcher
Jobs,retailer
Jobs,sailor
Jobs,salesperson
Jobs,scientist
Jobs,scriptwiter
Jobs,sculptor
Jobs,seamstress
Jobs,secretary
Jobs,security guard
Jobs,service-station attendant
Jobs,shop assistant
Jobs,shop keeper
Jobs,singer
Jobs,soldier
Jobs,sportsman
Jobs,strike
Jobs,surgeon
Jobs,tailor
Jobs,tax-collector
Jobs,taxi driver
Jobs,teacher
Jobs,telephone operator
Jobs,tiler
Jobs,translator
Jobs,travel agent
Jobs,truck driver
Jobs,typist
Jobs,veterinary surgeon
Jobs,vet
Jobs,waiter
Jobs,waitress
Jobs,weatherman
Jobs,wholesaler
Jobs,woodworker
Jobs,work
Jobs,writer
